{"(0.01, 0.99, 0.05)": 0.9635036496350365, "(0.01, 0.99, 0.1)": 0.9635036496350365, "(0.01, 0.99, 0.15000000000000002)": 1.0, "(0.01, 0.99, 0.2)": 1.0, "(0.01, 0.99, 0.25)": 1.0, "(0.01, 0.99, 0.30000000000000004)": 1.0, "(0.01, 0.99, 0.35000000000000003)": 1.0, "(0.01, 0.99, 0.4)": 1.0, "(0.01, 0.99, 0.45)": 1.0, "(0.01, 0.99, 0.5)": 0.9635036496350365, "(0.01, 0.99, 0.55)": 1.0, "(0.01, 0.99, 0.6000000000000001)": 1.0, "(0.01, 0.99, 0.65)": 0.9635036496350365, "(0.01, 0.99, 0.7000000000000001)": 0.8467153284671532, "(0.01, 0.99, 0.75)": 0.8394160583941606, "(0.01, 0.99, 0.8)": 0.8394160583941606, "(0.01, 0.99, 0.8500000000000001)": 0.8394160583941606, "(0.01, 0.99, 0.9)": 0.8394160583941606, "(0.01, 0.99, 0.9500000000000001)": 0.8394160583941606, "(0.01, 0.95, 0.05)": 1.0, "(0.01, 0.95, 0.1)": 1.0, "(0.01, 0.95, 0.15000000000000002)": 1.0, "(0.01, 0.95, 0.2)": 0.8394160583941606, "(0.01, 0.95, 0.25)": 0.8394160583941606, "(0.01, 0.95, 0.30000000000000004)": 1.0, "(0.01, 0.95, 0.35000000000000003)": 1.0, "(0.01, 0.95, 0.4)": 0.8394160583941606, "(0.01, 0.95, 0.45)": 0.8394160583941606, "(0.01, 0.95, 0.5)": 1.0, "(0.01, 0.95, 0.55)": 0.8394160583941606, "(0.01, 0.95, 0.6000000000000001)": 0.8394160583941606, "(0.01, 0.95, 0.65)": 1.0, "(0.01, 0.95, 0.7000000000000001)": 1.0, "(0.01, 0.95, 0.75)": 1.0, "(0.01, 0.95, 0.8)": 0.8467153284671532, "(0.01, 0.95, 0.8500000000000001)": 0.8394160583941606, "(0.01, 0.95, 0.9)": 0.8394160583941606, "(0.01, 0.95, 0.9500000000000001)": 0.8394160583941606, "(0.01, 0.9, 0.05)": 0.8467153284671532, "(0.01, 0.9, 0.1)": 0.8394160583941606, "(0.01, 0.9, 0.15000000000000002)": 1.0, "(0.01, 0.9, 0.2)": 0.8394160583941606, "(0.01, 0.9, 0.25)": 1.0, "(0.01, 0.9, 0.30000000000000004)": 0.8394160583941606, "(0.01, 0.9, 0.35000000000000003)": 1.0, "(0.01, 0.9, 0.4)": 0.8394160583941606, "(0.01, 0.9, 0.45)": 0.8394160583941606, "(0.01, 0.9, 0.5)": 0.8467153284671532, "(0.01, 0.9, 0.55)": 0.8394160583941606, "(0.01, 0.9, 0.6000000000000001)": 0.8394160583941606, "(0.01, 0.9, 0.65)": 1.0, "(0.01, 0.9, 0.7000000000000001)": 1.0, "(0.01, 0.9, 0.75)": 1.0, "(0.01, 0.9, 0.8)": 1.0, "(0.01, 0.9, 0.8500000000000001)": 0.8394160583941606, "(0.01, 0.9, 0.9)": 1.0, "(0.01, 0.9, 0.9500000000000001)": 1.0, "(0.01, 0.85, 0.05)": 1.0, "(0.01, 0.85, 0.1)": 1.0, "(0.01, 0.85, 0.15000000000000002)": 1.0, "(0.01, 0.85, 0.2)": 0.9927007299270073, "(0.01, 0.85, 0.25)": 0.8467153284671532, "(0.01, 0.85, 0.30000000000000004)": 0.8394160583941606, "(0.01, 0.85, 0.35000000000000003)": 1.0, "(0.01, 0.85, 0.4)": 1.0, "(0.01, 0.85, 0.45)": 0.8394160583941606, "(0.01, 0.85, 0.5)": 0.8394160583941606, "(0.01, 0.85, 0.55)": 0.9927007299270073, "(0.01, 0.85, 0.6000000000000001)": 1.0, "(0.01, 0.85, 0.65)": 1.0, "(0.01, 0.85, 0.7000000000000001)": 0.8394160583941606, "(0.01, 0.85, 0.75)": 0.8394160583941606, "(0.01, 0.85, 0.8)": 1.0, "(0.01, 0.85, 0.8500000000000001)": 1.0, "(0.01, 0.85, 0.9)": 0.8394160583941606, "(0.01, 0.85, 0.9500000000000001)": 0.8394160583941606, "(0.01, 0.8, 0.05)": 1.0, "(0.01, 0.8, 0.1)": 0.9927007299270073, "(0.01, 0.8, 0.15000000000000002)": 1.0, "(0.01, 0.8, 0.2)": 0.9927007299270073, "(0.01, 0.8, 0.25)": 1.0, "(0.01, 0.8, 0.30000000000000004)": 1.0, "(0.01, 0.8, 0.35000000000000003)": 1.0, "(0.01, 0.8, 0.4)": 0.8394160583941606, "(0.01, 0.8, 0.45)": 1.0, "(0.01, 0.8, 0.5)": 0.8394160583941606, "(0.01, 0.8, 0.55)": 0.8394160583941606, "(0.01, 0.8, 0.6000000000000001)": 0.8394160583941606, "(0.01, 0.8, 0.65)": 0.8394160583941606, "(0.01, 0.8, 0.7000000000000001)": 1.0, "(0.01, 0.8, 0.75)": 1.0, "(0.01, 0.8, 0.8)": 0.8467153284671532, "(0.01, 0.8, 0.8500000000000001)": 0.8394160583941606, "(0.01, 0.8, 0.9)": 0.8394160583941606, "(0.01, 0.8, 0.9500000000000001)": 1.0, "(0.05, 0.99, 0.05)": 0.8394160583941606, "(0.05, 0.99, 0.1)": 0.8394160583941606, "(0.05, 0.99, 0.15000000000000002)": 1.0, "(0.05, 0.99, 0.2)": 0.8394160583941606, "(0.05, 0.99, 0.25)": 0.8394160583941606, "(0.05, 0.99, 0.30000000000000004)": 1.0, "(0.05, 0.99, 0.35000000000000003)": 1.0, "(0.05, 0.99, 0.4)": 1.0, "(0.05, 0.99, 0.45)": 1.0, "(0.05, 0.99, 0.5)": 1.0, "(0.05, 0.99, 0.55)": 1.0, "(0.05, 0.99, 0.6000000000000001)": 1.0, "(0.05, 0.99, 0.65)": 1.0, "(0.05, 0.99, 0.7000000000000001)": 1.0, "(0.05, 0.99, 0.75)": 1.0, "(0.05, 0.99, 0.8)": 1.0, "(0.05, 0.99, 0.8500000000000001)": 1.0, "(0.05, 0.99, 0.9)": 1.0, "(0.05, 0.99, 0.9500000000000001)": 1.0, "(0.05, 0.95, 0.05)": 1.0, "(0.05, 0.95, 0.1)": 1.0, "(0.05, 0.95, 0.15000000000000002)": 1.0, "(0.05, 0.95, 0.2)": 1.0, "(0.05, 0.95, 0.25)": 1.0, "(0.05, 0.95, 0.30000000000000004)": 1.0, "(0.05, 0.95, 0.35000000000000003)": 1.0, "(0.05, 0.95, 0.4)": 1.0, "(0.05, 0.95, 0.45)": 1.0, "(0.05, 0.95, 0.5)": 1.0, "(0.05, 0.95, 0.55)": 1.0, "(0.05, 0.95, 0.6000000000000001)": 1.0, "(0.05, 0.95, 0.65)": 1.0, "(0.05, 0.95, 0.7000000000000001)": 1.0, "(0.05, 0.95, 0.75)": 1.0, "(0.05, 0.95, 0.8)": 1.0, "(0.05, 0.95, 0.8500000000000001)": 1.0, "(0.05, 0.95, 0.9)": 1.0, "(0.05, 0.95, 0.9500000000000001)": 1.0, "(0.05, 0.9, 0.05)": 0.8394160583941606, "(0.05, 0.9, 0.1)": 1.0, "(0.05, 0.9, 0.15000000000000002)": 1.0, "(0.05, 0.9, 0.2)": 0.8394160583941606, "(0.05, 0.9, 0.25)": 1.0, "(0.05, 0.9, 0.30000000000000004)": 0.8394160583941606, "(0.05, 0.9, 0.35000000000000003)": 1.0, "(0.05, 0.9, 0.4)": 1.0, "(0.05, 0.9, 0.45)": 0.9927007299270073, "(0.05, 0.9, 0.5)": 1.0, "(0.05, 0.9, 0.55)": 0.8394160583941606, "(0.05, 0.9, 0.6000000000000001)": 1.0, "(0.05, 0.9, 0.65)": 1.0, "(0.05, 0.9, 0.7000000000000001)": 1.0, "(0.05, 0.9, 0.75)": 1.0, "(0.05, 0.9, 0.8)": 1.0, "(0.05, 0.9, 0.8500000000000001)": 1.0, "(0.05, 0.9, 0.9)": 0.8394160583941606, "(0.05, 0.9, 0.9500000000000001)": 0.8467153284671532, "(0.05, 0.85, 0.05)": 0.8467153284671532, "(0.05, 0.85, 0.1)": 0.8467153284671532, "(0.05, 0.85, 0.15000000000000002)": 1.0, "(0.05, 0.85, 0.2)": 0.8467153284671532, "(0.05, 0.85, 0.25)": 1.0, "(0.05, 0.85, 0.30000000000000004)": 1.0, "(0.05, 0.85, 0.35000000000000003)": 0.8394160583941606, "(0.05, 0.85, 0.4)": 1.0, "(0.05, 0.85, 0.45)": 0.8467153284671532, "(0.05, 0.85, 0.5)": 1.0, "(0.05, 0.85, 0.55)": 1.0, "(0.05, 0.85, 0.6000000000000001)": 1.0, "(0.05, 0.85, 0.65)": 0.8394160583941606, "(0.05, 0.85, 0.7000000000000001)": 1.0, "(0.05, 0.85, 0.75)": 0.8394160583941606, "(0.05, 0.85, 0.8)": 1.0, "(0.05, 0.85, 0.8500000000000001)": 0.8467153284671532, "(0.05, 0.85, 0.9)": 1.0, "(0.05, 0.85, 0.9500000000000001)": 1.0, "(0.05, 0.8, 0.05)": 1.0, "(0.05, 0.8, 0.1)": 1.0, "(0.05, 0.8, 0.15000000000000002)": 0.8394160583941606, "(0.05, 0.8, 0.2)": 0.8394160583941606, "(0.05, 0.8, 0.25)": 1.0, "(0.05, 0.8, 0.30000000000000004)": 0.9927007299270073, "(0.05, 0.8, 0.35000000000000003)": 1.0, "(0.05, 0.8, 0.4)": 0.8394160583941606, "(0.05, 0.8, 0.45)": 0.8394160583941606, "(0.05, 0.8, 0.5)": 1.0, "(0.05, 0.8, 0.55)": 0.8394160583941606, "(0.05, 0.8, 0.6000000000000001)": 1.0, "(0.05, 0.8, 0.65)": 0.8394160583941606, "(0.05, 0.8, 0.7000000000000001)": 1.0, "(0.05, 0.8, 0.75)": 0.8394160583941606, "(0.05, 0.8, 0.8)": 1.0, "(0.05, 0.8, 0.8500000000000001)": 0.8394160583941606, "(0.05, 0.8, 0.9)": 1.0, "(0.05, 0.8, 0.9500000000000001)": 1.0, "(0.1, 0.99, 0.05)": 1.0, "(0.1, 0.99, 0.1)": 1.0, "(0.1, 0.99, 0.15000000000000002)": 1.0, "(0.1, 0.99, 0.2)": 1.0, "(0.1, 0.99, 0.25)": 1.0, "(0.1, 0.99, 0.30000000000000004)": 1.0, "(0.1, 0.99, 0.35000000000000003)": 1.0, "(0.1, 0.99, 0.4)": 1.0, "(0.1, 0.99, 0.45)": 0.8394160583941606, "(0.1, 0.99, 0.5)": 1.0, "(0.1, 0.99, 0.55)": 1.0, "(0.1, 0.99, 0.6000000000000001)": 1.0, "(0.1, 0.99, 0.65)": 1.0, "(0.1, 0.99, 0.7000000000000001)": 1.0, "(0.1, 0.99, 0.75)": 1.0, "(0.1, 0.99, 0.8)": 1.0, "(0.1, 0.99, 0.8500000000000001)": 1.0, "(0.1, 0.99, 0.9)": 1.0, "(0.1, 0.99, 0.9500000000000001)": 1.0, "(0.1, 0.95, 0.05)": 1.0, "(0.1, 0.95, 0.1)": 1.0, "(0.1, 0.95, 0.15000000000000002)": 1.0, "(0.1, 0.95, 0.2)": 1.0, "(0.1, 0.95, 0.25)": 1.0, "(0.1, 0.95, 0.30000000000000004)": 1.0,